blog_post_url,broken_link
https://txt.cohere.com/semantic-search-open-search-demo/,https://github.com/cohere-ai/samples/blob/main/arxiv-opensearch-cohere/create_index.py?ref=txt.cohere.com
https://txt.cohere.com/aya-multilingual/,https://zoom.us/meeting/register/tJYlf-uqqDsqGNcc-71vh1IucrEV3h4Kr2Hw?ref=txt.cohere.com
https://txt.cohere.com/aya-multilingual/,https://zoom.us/meeting/register/tJYkce-trT8tGdU6SoVvIEz4hCZkXHwG0C5-?ref=txt.cohere.com
https://txt.cohere.com/co-lab-fridays-community-demos-march-recap/,https://zoom.us/meeting/register/tJIkduuppz8oGdUQziRwJJOGY2iwSrqQekS7?ref=txt.cohere.com
https://txt.cohere.com/colab-fridays-community-demos-december-recap/,https://lablab.ai/event/transforming-with-transformers/hummingbirds/Research%2520Paper%2520Clustering?ref=txt.cohere.com
https://txt.cohere.com/co-lab-fridays-community-demos-january-23-recap/,https://zoom.us/meeting/register/tJMuceygpjgpG9EexVtkUVRBx9d3Shae7Uvh?ref=txt.cohere.com
https://txt.cohere.com/colab-fridays-community-demos-december-recap/,https://zoom.us/meeting/register/tJUqd-yhrzsjGdDsF4KaZKoqrDkj38Hrrlhn?ref=txt.cohere.com
https://txt.cohere.com/sagemaker/,https://github.com/cohere-ai/cohere-sagemaker/blob/main/notebooks/Deploy%20cohere%20model.ipynb?ref=txt.cohere.com
https://txt.cohere.com/co-lab-fridays-community-demos-november-recap/,https://zoom.us/meeting/register/tJUqd-yhrzsjGdDsF4KaZKoqrDkj38Hrrlhn?ref=txt.cohere.com
https://txt.cohere.com/search-cohere-langchain/,https://langchain.readthedocs.io/en/latest/modules/indexes/getting_started.html?ref=txt.cohere.com
https://txt.cohere.com/co-lab-fridays-community-demos-november-recap/,https://docs.cohere.ai/docs/text-summarization-guide?ref=txt.cohere.com
https://txt.cohere.com/search-cohere-langchain/,https://langchain.readthedocs.io/en/latest/modules/chains.html?ref=txt.cohere.com
https://txt.cohere.com/ai-is-eating-the-world/,https://laurencemoroney.com/2021/09/24/makingstargateai.html?ref=txt.cohere.com
https://txt.cohere.com/top-js-frameworks-using-a-tweet-analysis-bot/,https://developer.twitter.com/en/products/twitter-api/academic-research?ref=txt.cohere.com
https://txt.cohere.com/announcing-the-talking-language-ai-series/,https://zoom.us/webinar/register/WN_meT3D5jOSsurj_-QOgjBcg?ref=txt.cohere.com
https://txt.cohere.com/how-to-build-a-product-description-generator-with-llms/,https://docs.cohere.ai/api-reference/?ref=txt.cohere.com#nodejs
https://txt.cohere.com/improving-chatbot-support-systems-using-llms/,https://lablab.ai/event/cohere-ai-hackathon-generate/Turing/Turing%2520Test?ref=txt.cohere.com
https://txt.cohere.com/top-js-frameworks-using-a-tweet-analysis-bot/,https://docs.cohere.ai/classify-reference/?_gl=1*z08wq8*_gcl_aw*R0NMLjE2NTcyMDU5NzguQ2p3S0NBandpSnFXQmhCZEVpd0F0RVNQYUZNeS1GNHo1UDkyRWFlc3V3R1g5QzJ6TWNWWGJudjU2MnFEWTk5Z0QtcklCVWRuMnlYMFJob0MwWXdRQXZEX0J3RQ..&ref=txt.cohere.com
https://txt.cohere.com/co-lab-fridays-community-demos-october-recap/,https://zoom.us/meeting/register/tJAvf-irqzgvHtQHXay7gLVSw1it81Z9zoG5?ref=txt.cohere.com
https://txt.cohere.com/free-developer-tier-announcement/,https://docs.cohere.ai/release-notes/?ref=txt.cohere.com
https://txt.cohere.com/how-to-build-a-product-description-generator-with-llms/,https://docs.cohere.ai/generate-reference/?ref=txt.cohere.com
https://txt.cohere.com/extract-entities-from-invoices-using-large-language-models/,https://docs.cohere.ai/generate-reference/?ref=txt.cohere.com
https://txt.cohere.com/how-to-build-a-product-description-generator-with-llms/,https://docs.cohere.ai/api-reference/?ref=txt.cohere.com
https://txt.cohere.com/improving-chatbot-support-systems-using-llms/,https://docs.cohere.ai/tutorials-and-guides/?ref=txt.cohere.com
https://txt.cohere.com/text-summarizer-app-user-reviews/,https://docs.cohere.ai/api-reference/?ref=txt.cohere.com#sdks
https://txt.cohere.com/text-summarizer-app-user-reviews/,https://docs.cohere.ai/generate-reference/?ref=txt.cohere.com#request
https://txt.cohere.com/text-summarizer-app-user-reviews/,https://docs.cohere.ai/text-summarization-example/?ref=txt.cohere.com
https://txt.cohere.com/introducing-the-cohere-for-ai-scholars-program-your-research-journey-starts-here/,https://zoom.us/webinar/register/5916636238672/WN_TG1UOyvCRlOb3x9CDsWqvA?ref=txt.cohere.com
https://txt.cohere.com/toxicity-sms/,https://docs.cohere.ai/finetuning-representation-models?ref=txt.cohere.com
https://txt.cohere.com/5-challenges-of-working-with-large-language-models-and-how-to-cope-with-them/,https://docs.cohere.ai/entity-extraction/?ref=txt.cohere.com
https://txt.cohere.com/add-nlp-language-ai-to-next-js-app/,https://docs.cohere.ai/api-reference/?ref=txt.cohere.com
https://txt.cohere.com/deploying-sentiment-analysis-text-classifier-with-fastapi/,https://docs.cohere.ai/finetuning-wiki/?ref=txt.cohere.com
https://txt.cohere.com/5-challenges-of-working-with-large-language-models-and-how-to-cope-with-them/,https://docs.cohere.ai/bpe-tokens-wiki/?ref=txt.cohere.com
https://txt.cohere.com/pre-trained-vs-in-house-nlp-models/,https://docs.cohere.ai/generation-card/?ref=txt.cohere.com#performance-benchmarks
https://txt.cohere.com/topic-modeling-trending-ai-papers/,https://docs.cohere.ai/embed-reference/?ref=txt.cohere.com
https://txt.cohere.com/topic-modeling-trending-ai-papers/,https://docs.cohere.ai/embedding-wiki/?ref=txt.cohere.com
https://txt.cohere.com/deploying-sentiment-analysis-text-classifier-with-fastapi/,https://docs.cohere.ai/classify-reference/?ref=txt.cohere.com
https://txt.cohere.com/classify-three-options/,https://docs.cohere.ai/api-reference/?ref=txt.cohere.com
https://txt.cohere.com/classify-three-options/,https://docs.cohere.ai/classify-reference/?ref=txt.cohere.com
https://txt.cohere.com/10-must-read-text-classification-papers/,https://docs.cohere.ai/sentiment-analysis-example/?ref=txt.cohere.com
https://txt.cohere.com/5-challenges-of-working-with-large-language-models-and-how-to-cope-with-them/,https://docs.cohere.ai/responsible-use/?ref=txt.cohere.com
https://txt.cohere.com/classify-three-options/,https://docs.cohere.ai/finetuning-representation-models?ref=txt.cohere.com
https://txt.cohere.com/classify-three-options/,https://docs.cohere.ai/finetune-troubleshooting?ref=txt.cohere.com#using-your-finetuned-model
https://txt.cohere.com/5-challenges-of-working-with-large-language-models-and-how-to-cope-with-them/,https://docs.cohere.ai/finetune-troubleshooting?ref=txt.cohere.com
https://txt.cohere.com/introducing-the-cohere-for-ai-scholars-program-your-research-journey-starts-here/,https://jobs.lever.co/cohere/401dc3ef-df9e-4991-b446-21b07b615621?ref=txt.cohere.com
https://txt.cohere.com/building-a-search-based-discord-bot-with-language-models/,https://docs.cohere.ai/responsible-use/?ref=txt.cohere.com
https://txt.cohere.com/5-challenges-of-working-with-large-language-models-and-how-to-cope-with-them/,https://docs.cohere.ai/text-summarization-example/?ref=txt.cohere.com
https://txt.cohere.com/hello-world-p2/,https://docs.cohere.ai/api-reference/?ref=txt.cohere.com
https://txt.cohere.com/5-challenges-of-working-with-large-language-models-and-how-to-cope-with-them/,https://docs.cohere.ai/temperature-wiki/?ref=txt.cohere.com
https://txt.cohere.com/5-challenges-of-working-with-large-language-models-and-how-to-cope-with-them/,https://docs.cohere.ai/model-limitations/?ref=txt.cohere.com
https://txt.cohere.com/hello-world-p2/,https://docs.cohere.ai/limited-access?ref=txt.cohere.com
https://txt.cohere.com/deploy-cohere-streamlit/,https://docs.cohere.ai/api-reference/?ref=txt.cohere.com
https://txt.cohere.com/deploy-cohere-streamlit/,https://docs.cohere.ai/generate-reference/?ref=txt.cohere.com
https://txt.cohere.com/hello-world-p2/,https://docs.cohere.ai/going-live/?ref=txt.cohere.com
https://txt.cohere.com/combing-for-insight-in-10-000-hacker-news-posts-with-text-clustering/,https://docs.cohere.ai/slack-app-summarize-example?ref=txt.cohere.com
https://txt.cohere.com/urzas-ai/,https://docs.cohere.ai/api-reference/?ref=txt.cohere.com
https://txt.cohere.com/classification-is-now-available/,https://docs.cohere.ai/finetuning-representation-models?ref=txt.cohere.com
https://txt.cohere.com/urzas-ai/,https://docs.cohere.ai/playground-overview/?ref=txt.cohere.com
https://txt.cohere.com/text-summarization-use-case/,https://docs.cohere.ai/reference/text-summarization-example?ref=txt.cohere.com
https://txt.cohere.com/cohere-for-content-moderation/,https://docs.cohere.ai/playground-overview/?ref=txt.cohere.com
https://txt.cohere.com/intent-recognition-use-case/,https://docs.cohere.ai/text-classification/?ref=txt.cohere.com
https://txt.cohere.com/cohere-launches-extremely-large-beta-2/,https://calendly.com/ellievans/connect-with-ellie?back=1&month=2022-03&ref=txt.cohere.com
https://txt.cohere.com/cohere-for-content-moderation/,https://cohere.ai/api?ref=txt.cohere.com
https://txt.cohere.com/toxic-language-use-case/,https://docs.cohere.ai/classify-reference/?ref=txt.cohere.com
https://txt.cohere.com/cohere-for-content-moderation/,https://docs.cohere.ai/sentiment-analysis-example/?ref=txt.cohere.com
https://txt.cohere.com/customer-support-use-case/,https://docs.cohere.ai/text-classification/?ref=txt.cohere.com
https://txt.cohere.com/the-cohere-platform-is-now-publicly-available-2/,https://cohere.ai/get-started?ref=txt.cohere.com
https://txt.cohere.com/customer-support-use-case/,https://docs.cohere.ai/classify-reference/?ref=txt.cohere.com
